{
  "accuracy": 0.9189,
  "precision": 0.0641399416909621,
  "recall": 0.04296875,
  "f1_score": 0.05146198830409357,
  "specificity": 0.9661677908937606,
  "false_positive_rate": 0.033832209106239464,
  "threshold": 0.9937045903867238,
  "training_time_s": 84.26056742668152,
  "prediction_time_s": 1.0818455219268799,
  "throughput_tps": 9243.46387475816,
  "latency_ms": 0.10818455219268798
}