{
    "timestamp": "2025-09-21T14:35:15.716645",
    "num_transactions": 50000,
    "balance_threshold": 0.5,
    "total_duration_seconds": 4.213074445724487,
    "throughput_tps": 11867.817823808218,
    "metrics": {
        "accuracy": 0.33074,
        "precision": 0.33074,
        "recall": 1.0,
        "f1_score": 0.49707681440401574,
        "auc_roc": 0.0
    },
    "analyzer_config": {
        "high_risk_threshold": 0.44999999999999996,
        "medium_risk_threshold": 0.25,
        "ensemble_models": 5
    }
}